{
  "relaxed(0.4/0.6) | tp1/sl0.5": {
    "24h": {
      "train21-23": {
        "n": 9347,
        "PF": 0.6146,
        "sum_R": -15.3304,
        "exp": -0.00164,
        "win_rate": 0.2903
      },
      "test24-25": {
        "n": 20601,
        "PF": 0.5846,
        "sum_R": -36.9956,
        "exp": -0.001796,
        "win_rate": 0.2806
      },
      "full": {
        "n": 38869,
        "PF": 0.5858,
        "sum_R": -69.5459,
        "exp": -0.001789,
        "win_rate": 0.281
      }
    },
    "gate{1,2,3,6,7,8,23}": {
      "train21-23": {
        "n": 2766,
        "PF": 0.5568,
        "sum_R": -5.3717,
        "exp": -0.001942,
        "win_rate": 0.2704
      },
      "test24-25": {
        "n": 6705,
        "PF": 0.5873,
        "sum_R": -11.9335,
        "exp": -0.00178,
        "win_rate": 0.2813
      },
      "full": {
        "n": 12324,
        "PF": 0.5924,
        "sum_R": -21.6187,
        "exp": -0.001754,
        "win_rate": 0.283
      }
    }
  },
  "relaxed(0.4/0.6) | tp6/sl3": {
    "24h": {
      "train21-23": {
        "n": 9347,
        "PF": 0.9874,
        "sum_R": -2.1262,
        "exp": -0.000227,
        "win_rate": 0.3852
      },
      "test24-25": {
        "n": 20601,
        "PF": 1.0558,
        "sum_R": 21.2876,
        "exp": 0.001033,
        "win_rate": 0.3805
      },
      "full": {
        "n": 38869,
        "PF": 0.9909,
        "sum_R": -6.5561,
        "exp": -0.000169,
        "win_rate": 0.3743
      }
    },
    "gate{1,2,3,6,7,8,23}": {
      "train21-23": {
        "n": 2766,
        "PF": 0.8818,
        "sum_R": -6.055,
        "exp": -0.002189,
        "win_rate": 0.3659
      },
      "test24-25": {
        "n": 6705,
        "PF": 1.1312,
        "sum_R": 15.9003,
        "exp": 0.002371,
        "win_rate": 0.3961
      },
      "full": {
        "n": 12324,
        "PF": 1.0224,
        "sum_R": 5.0506,
        "exp": 0.00041,
        "win_rate": 0.3822
      }
    }
  },
  "hardoos(0.6/0.3) | tp1/sl0.5": {
    "24h": {
      "train21-23": {
        "n": 7385,
        "PF": 0.6168,
        "sum_R": -12.0296,
        "exp": -0.001629,
        "win_rate": 0.291
      },
      "test24-25": {
        "n": 16846,
        "PF": 0.5786,
        "sum_R": -30.7487,
        "exp": -0.001825,
        "win_rate": 0.2783
      },
      "full": {
        "n": 30660,
        "PF": 0.5879,
        "sum_R": -54.4982,
        "exp": -0.001778,
        "win_rate": 0.2816
      }
    },
    "gate{1,2,3,6,7,8,23}": {
      "train21-23": {
        "n": 2191,
        "PF": 0.5909,
        "sum_R": -3.8622,
        "exp": -0.001763,
        "win_rate": 0.2821
      },
      "test24-25": {
        "n": 5346,
        "PF": 0.5691,
        "sum_R": -10.0238,
        "exp": -0.001875,
        "win_rate": 0.275
      },
      "full": {
        "n": 9579,
        "PF": 0.5871,
        "sum_R": -17.0688,
        "exp": -0.001782,
        "win_rate": 0.2812
      }
    }
  },
  "hardoos(0.6/0.3) | tp6/sl3": {
    "24h": {
      "train21-23": {
        "n": 7385,
        "PF": 0.9782,
        "sum_R": -2.8955,
        "exp": -0.000392,
        "win_rate": 0.3835
      },
      "test24-25": {
        "n": 16846,
        "PF": 1.0676,
        "sum_R": 20.9168,
        "exp": 0.001242,
        "win_rate": 0.3843
      },
      "full": {
        "n": 30660,
        "PF": 0.9988,
        "sum_R": -0.6866,
        "exp": -2.2e-05,
        "win_rate": 0.378
      }
    },
    "gate{1,2,3,6,7,8,23}": {
      "train21-23": {
        "n": 2191,
        "PF": 0.9279,
        "sum_R": -2.881,
        "exp": -0.001315,
        "win_rate": 0.372
      },
      "test24-25": {
        "n": 5346,
        "PF": 1.1182,
        "sum_R": 11.4608,
        "exp": 0.002144,
        "win_rate": 0.3934
      },
      "full": {
        "n": 9579,
        "PF": 1.0312,
        "sum_R": 5.4422,
        "exp": 0.000568,
        "win_rate": 0.3842
      }
    }
  }
}