{
  "period": "1y",
  "universe": "btc-only",
  "n_symbols": 1,
  "cost_bps": 20.0,
  "strategies": [
    "live_rsi_oversold_volume_spike",
    "live_breakout_with_atr_stop",
    "live_bb_lower_bounce",
    "live_oversold_with_divergence"
  ],
  "n_combos": 8,
  "results": [
    {
      "trades": 6812,
      "win_rate": 0.36435701702877277,
      "avg_win": 0.012276480987669418,
      "avg_loss": -0.013220304037842781,
      "payoff": 0.9286080677515665,
      "profit_factor": 0.532287580637272,
      "expectancy": -0.0039303715021232755,
      "sharpe_bench": -5.6639881605914235,
      "mdd_bench": -0.9904065028493227,
      "ann_bench": -0.5180962983593514,
      "strategy_id": "live_bb_lower_bounce",
      "stop_loss_pct": 0.008,
      "take_profit_pct": 0.015,
      "trailing_stop_pct": null,
      "_tag": "live_bb_lower_bounce@sl0.8/tp1.5/tr0.0"
    },
    {
      "trades": 5425,
      "win_rate": 0.36442396313364056,
      "avg_win": 0.012210959951025807,
      "avg_loss": -0.013325773276073405,
      "payoff": 0.9163415659300418,
      "profit_factor": 0.5254081426460826,
      "expectancy": -0.004019575747967388,
      "sharpe_bench": -4.802951451841029,
      "mdd_bench": -0.9846216338630859,
      "ann_bench": -0.4849136389286711,
      "strategy_id": "live_rsi_oversold_volume_spike",
      "stop_loss_pct": 0.008,
      "take_profit_pct": 0.015,
      "trailing_stop_pct": null,
      "_tag": "live_rsi_oversold_volume_spike@sl0.8/tp1.5/tr0.0"
    },
    {
      "trades": 5933,
      "win_rate": 0.359851677060509,
      "avg_win": 0.012207594609718058,
      "avg_loss": -0.013171778394344445,
      "payoff": 0.9267992707013369,
      "profit_factor": 0.5209890581746589,
      "expectancy": -0.004038968456088344,
      "sharpe_bench": -5.31653067371395,
      "mdd_bench": -0.9899044849989944,
      "ann_bench": -0.5140502839542352,
      "strategy_id": "live_oversold_with_divergence",
      "stop_loss_pct": 0.008,
      "take_profit_pct": 0.015,
      "trailing_stop_pct": null,
      "_tag": "live_oversold_with_divergence@sl0.8/tp1.5/tr0.0"
    },
    {
      "trades": 7178,
      "win_rate": 0.2798829757592644,
      "avg_win": 0.012143276985835994,
      "avg_loss": -0.01020851399521939,
      "payoff": 1.1895244490552344,
      "profit_factor": 0.46232436025381424,
      "expectancy": -0.0039526282218925205,
      "sharpe_bench": -6.324638187289135,
      "mdd_bench": -0.9890925597033715,
      "ann_bench": -0.4953201583387903,
      "strategy_id": "live_rsi_oversold_volume_spike",
      "stop_loss_pct": 0.005,
      "take_profit_pct": 0.015,
      "trailing_stop_pct": null,
      "_tag": "live_rsi_oversold_volume_spike@sl0.5/tp1.5/tr0.0"
    },
    {
      "trades": 9456,
      "win_rate": 0.27612098138747887,
      "avg_win": 0.012221648925154944,
      "avg_loss": -0.0100876480606978,
      "payoff": 1.2115459274170521,
      "profit_factor": 0.46213972483358995,
      "expectancy": -0.0039275830828994175,
      "sharpe_bench": -7.9866120142182675,
      "mdd_bench": -0.99356969357746,
      "ann_bench": -0.5350602146928434,
      "strategy_id": "live_bb_lower_bounce",
      "stop_loss_pct": 0.005,
      "take_profit_pct": 0.015,
      "trailing_stop_pct": null,
      "_tag": "live_bb_lower_bounce@sl0.5/tp1.5/tr0.0"
    },
    {
      "trades": 6698,
      "win_rate": 0.46566139146013735,
      "avg_win": 0.007028652047223595,
      "avg_loss": -0.013297649895242023,
      "payoff": 0.5285634756964452,
      "profit_factor": 0.46062852212830757,
      "expectancy": -0.0038324758494745906,
      "sharpe_bench": -7.239078243139083,
      "mdd_bench": -0.9922876623571587,
      "ann_bench": -0.515278781591548,
      "strategy_id": "live_rsi_oversold_volume_spike",
      "stop_loss_pct": 0.008,
      "take_profit_pct": 0.01,
      "trailing_stop_pct": null,
      "_tag": "live_rsi_oversold_volume_spike@sl0.8/tp1.0/tr0.0"
    },
    {
      "trades": 8824,
      "win_rate": 0.4585222121486854,
      "avg_win": 0.0070741293782440985,
      "avg_loss": -0.013186877486679916,
      "payoff": 0.5364521954033232,
      "profit_factor": 0.45426655140264666,
      "expectancy": -0.003896755798615256,
      "sharpe_bench": -8.759605615820393,
      "mdd_bench": -0.9959134122287977,
      "ann_bench": -0.5571934797836329,
      "strategy_id": "live_bb_lower_bounce",
      "stop_loss_pct": 0.008,
      "take_profit_pct": 0.01,
      "trailing_stop_pct": null,
      "_tag": "live_bb_lower_bounce@sl0.8/tp1.0/tr0.0"
    },
    {
      "trades": 7481,
      "win_rate": 0.45542039834246756,
      "avg_win": 0.007024761504386483,
      "avg_loss": -0.013135144025985644,
      "payoff": 0.5348065838097542,
      "profit_factor": 0.4472474302994189,
      "expectancy": -0.0039539118187970545,
      "sharpe_bench": -8.134783622480501,
      "mdd_bench": -0.9954922193646387,
      "ann_bench": -0.5508382557553752,
      "strategy_id": "live_oversold_with_divergence",
      "stop_loss_pct": 0.008,
      "take_profit_pct": 0.01,
      "trailing_stop_pct": null,
      "_tag": "live_oversold_with_divergence@sl0.8/tp1.0/tr0.0"
    },
    {
      "trades": 8110,
      "win_rate": 0.267940813810111,
      "avg_win": 0.012175779875517826,
      "avg_loss": -0.010066197329154682,
      "payoff": 1.2095709509144204,
      "profit_factor": 0.44271478462810093,
      "expectancy": -0.0041066638561887935,
      "sharpe_bench": -7.664667131506737,
      "mdd_bench": -0.9942459946461534,
      "ann_bench": -0.5426063242762167,
      "strategy_id": "live_oversold_with_divergence",
      "stop_loss_pct": 0.005,
      "take_profit_pct": 0.015,
      "trailing_stop_pct": null,
      "_tag": "live_oversold_with_divergence@sl0.5/tp1.5/tr0.0"
    },
    {
      "trades": 8708,
      "win_rate": 0.36977491961414793,
      "avg_win": 0.006967158856180748,
      "avg_loss": -0.010146960154044348,
      "payoff": 0.686625230651349,
      "profit_factor": 0.4028668445148221,
      "expectancy": -0.003818588172771403,
      "sharpe_bench": -10.014532512804374,
      "mdd_bench": -0.9948150738666176,
      "ann_bench": -0.5317522887489262,
      "strategy_id": "live_rsi_oversold_volume_spike",
      "stop_loss_pct": 0.005,
      "take_profit_pct": 0.01,
      "trailing_stop_pct": null,
      "_tag": "live_rsi_oversold_volume_spike@sl0.5/tp1.0/tr0.0"
    },
    {
      "trades": 12066,
      "win_rate": 0.3599370130946461,
      "avg_win": 0.007028282859928545,
      "avg_loss": -0.010013234569671898,
      "payoff": 0.7018993524046486,
      "profit_factor": 0.39471046063620213,
      "expectancy": -0.0038793616874611627,
      "sharpe_bench": -12.2376592655609,
      "mdd_bench": -0.9964210532379812,
      "ann_bench": -0.5566982817673862,
      "strategy_id": "live_bb_lower_bounce",
      "stop_loss_pct": 0.005,
      "take_profit_pct": 0.01,
      "trailing_stop_pct": null,
      "_tag": "live_bb_lower_bounce@sl0.5/tp1.0/tr0.0"
    },
    {
      "trades": 10082,
      "win_rate": 0.35241023606427296,
      "avg_win": 0.006972299842351489,
      "avg_loss": -0.010001243505516413,
      "payoff": 0.6971432940819567,
      "profit_factor": 0.37937664632764473,
      "expectancy": -0.004019593087447116,
      "sharpe_bench": -11.409014245017714,
      "mdd_bench": -0.9968878377127959,
      "ann_bench": -0.5640983056466271,
      "strategy_id": "live_oversold_with_divergence",
      "stop_loss_pct": 0.005,
      "take_profit_pct": 0.01,
      "trailing_stop_pct": null,
      "_tag": "live_oversold_with_divergence@sl0.5/tp1.0/tr0.0"
    },
    {
      "trades": 11885,
      "win_rate": 0.21371476651241061,
      "avg_win": 0.006440641540735383,
      "avg_loss": -0.006744592533889998,
      "payoff": 0.954934120685967,
      "profit_factor": 0.2595540574149124,
      "expectancy": -0.003926713312219954,
      "sharpe_bench": -20.13357509082011,
      "mdd_bench": -0.9982384472749942,
      "ann_bench": -0.5879275998538211,
      "strategy_id": "live_rsi_oversold_volume_spike",